"33462","dr dj mulvaney","2"
"60892","dr ag dutton","1"
"56547","professor m kuball","3"
"11369","professor af murray","2"
"41776","dr di bradley","1"
"14479","professor d sinclair","13"
"35009","professor pv coveney","7"
"67990","professor s fedotov","2"
"4572","professor k durose","1"
"23098","professor sj pickering","2"
"6702","professor g hancock","2"
"11775","professor a o'neill","5"
"49642","professor ng wright","5"
"30486","professor c bailey","3"
"46727","professor a elghazouli","3"
"41081","professor rs mackay","8"
"8392","professor a johnston","6"
"10482","professor ja mcdermid","4"
"15939","professor n topham","3"
"67509","professor lja nilsson","3"
"68356","professor a cross","1"
"46238","dr j purton","2"
"38146","professor d klenerman","2"
"50526","professor w harwin","5"
"17241","professor m wills","2"
"3065","professor f cloke","4"
"56983","professor p marsden","1"
"17160","professor pr williams","7"
"43826","professor i samuel","7"
"56727","professor j shrimpton","4"
"92833","professor a demosthenous","3"
"53225","professor r anderson","7"
"15482","professor l tarassenko","5"
"8653","dr t kazmierski","3"
"61248","dr cj baddeley","2"
"4014","mr ar dawson","2"
"54176","dr dr allan","3"
"12662","professor mj povey","3"
"57632","professor pgr smith","2"
"7851","professor c hull","2"
"48637","professor ar plummer","1"
"102074","professor c rielly","9"
"1329","professor k beven","2"
"37227","professor fw nijhoff","1"
"7747","professor j howie","10"
"52979","professor fhl essler","2"
"11473","professor rj needs","4"
"16199","professor d uttamchandani","9"
"34685","professor x wu","3"
"7492","professor d hogg","9"
"59459","professor jw hall","4"
"49445","professor sa brewster","1"
"60615","prof lord sk bhattacharyya","3"
"62151","dr jc bamber","1"
"34035","professor ba conway","5"
"42027","dr r green","1"
"34838","professor iw hamley","4"
"15619","professor s tendler","4"
"2031","professor bm brown","3"
"29222","professor rmd brydson","1"
"37647","professor a king","2"
"8483","professor mr jones","1"
"55263","professor y guo","11"
"94767","professor jr durrant","2"
"14618","professor d smith","4"
"7021","professor be hayden","5"
"58698","professor ce truman","4"
"42549","professor sm wuerger","2"
"11753","professor d o'hagan","3"
"10186","professor s marshall","4"
"33120","professor d segal","3"
"45650","professor k dholakia","2"
"11300","professor b mulgrew","4"
"55899","professor a wood","1"
"13603","professor j rose","4"
"16783","professor m weller","4"
"2244","professor a bundy","1"
"49422","professor k richards","3"
"16397","professor ab walker","1"
"4871","professor sj elston","1"
"50506","professor p kazansky","1"
"16055","professor jv tucker","5"
"2851","professor d cherns","2"
"47801","professor v vovk","3"
"38841","professor g nason","1"
"56694","dr b sauer","6"
"57277","professor pj walker","6"
"9162","professor rj langley","1"
"42474","professor i robertson","7"
"46217","professor eh linfield","7"
"32269","professor dc watts","10"
"37536","professor p heggs","1"
"38932","professor rj nichols","7"
"27835","dr a marquis","2"
"12646","professor cn potts","1"
"58677","professor w brown","2"
"21502","professor m plumbley","9"
"56833","professor af lee","10"
"30942","professor d howard","1"
"6588","professor eah hall","5"
"70440","mr ae milodowski","2"
"15285","professor p styring","11"
"70712","dr j lee","1"
"2357","professor rj bushby","2"
"1799","professor ddc bradley","10"
"37027","professor a sobolev","1"
"17558","professor cd wright","6"
"71179","professor i horrocks","1"
"6874","professor pg harrison","2"
"15555","professor s taylor","5"
"34540","dr p bristowe","6"
"21870","dr t arnot","2"
"44932","professor d worsley","7"
"48048","professor p mcclintock","4"
"52694","professor m priest","2"
"72828","professor cm johnson","4"
"55335","professor m mueller","2"
"72611","dr nj lawson","5"
"17184","professor a williams","3"
"11061","professor t monteiro","1"
"3414","professor jm coupland","1"
"56989","professor i uchegbu","3"
"45655","professor sj clarke","4"
"34203","professor chl ong","1"
"9148","professor d lane","5"
"76172","professor cb allen","3"
"15074","professor d stephenson","3"
"9080","professor mz kwiatkowska","1"
"53005","professor n linden","2"
"6372","professor sir m gregory","7"
"37709","professor s rimmer","4"
"413","professor h apsimon","2"
"48972","professor rm ashley","1"
"7457","professor a hodgson","3"
"44485","professor p wheeler","1"
"8734","professor w kendall","4"
"35928","professor hm colquhoun","4"
"41955","professor e trucco","2"
"48693","professor h petrie","5"
"1021","professor lj mason","2"
"41455","professor ao parry","5"
"37889","dr r bell","7"
"5004","professor j evans","3"
"44216","professor s parsons","1"
"71035","professor cv brown","1"
"41518","professor dr richards","1"
"45306","professor md dawson","4"
"49257","professor g sankar","7"
"21563","professor dg mccartney","7"
"50639","professor pd olmsted","3"
"2627","professor k case","4"
"7940","professor d hutchins","3"
"46168","professor pl younger","4"
"627","professor h awbi","2"
"9078","dr rsk kwan","2"
"66901","professor j gondzio","1"
"27886","professor p wilshaw","1"
"6930","professor lm harwood","1"
"14892","professor j spencer","6"
"8710","professor p kelly","9"
"55713","dr cj sutcliffe","7"
"27351","professor t gallagher","3"
"39239","professor e roberts","1"
"3386","professor f coton","1"
"44221","professor mr wilson","2"
"51356","professor l moreau","4"
"56861","professor j clarkson","9"
"9691","professor gg lonzarich","1"
"36539","professor t green","3"
"8056","professor cn ironside","2"
"8432","professor ca jones","3"
"12007","dr p palmer","1"
"11031","professor kc molloy","4"
"11287","professor s muggleton","3"
"3191","professor n collings","1"
"36791","professor r withnall","1"
"7112","professor m heikal","3"
"46119","professor jc knowles","2"
"15899","professor jf toland","9"
"8089","dr r issa","1"
"43161","professor t wright","2"
"31161","professor h braden","10"
"8936","professor j kittler","3"
"24189","professor w jones","5"
"52022","professor q shen","5"
"65573","professor r hierons","1"
"12025","professor cc pantelides","3"
"9859","professor s macchietto","2"
"34371","professor b hambly","2"
"41956","professor v kurylev","2"
"42641","professor r j hicken","3"
"355","professor i andonovic","4"
"38711","professor ma halcrow","2"
"3257","professor cc constantinou","1"
"21940","professor sd evans","3"
"22036","professor i galbraith","6"
"40596","professor e pistikopoulos","3"
"34198","professor me davies","2"
"6534","professor r gwilliam","6"
"34856","professor sjc irvine","1"
"34187","professor ar champneys","7"
"45812","professor c hardacre","15"
"12398","professor d pham","3"
"45339","professor j ye","2"
"9394","professor we leithead","2"
"31479","professor e harkin-jones","1"
"8891","professor a kinloch","1"
"16094","professor nj turner","1"
"14556","professor m slater","5"
"5296","professor wr flavell","1"
"47793","professor m butler","2"
"64696","professor ph taylor","1"
"12751","professor sl price","2"
"12400","professor adr phelps","1"
"34922","dr j peiro","1"
"52217","dr dj willock","7"
"90652","dr f marken","5"
"4597","professor me dyer","1"
"29766","professor m fisher","7"
"38202","professor e shove","1"
"5570","professor p french","2"
"4633","professor rw eason","5"
"29273","professor jp dear","4"
"46006","professor k shakesheff","9"
"10636","dr d mclernon","5"
"52344","professor m sprik","6"
"44954","professor m lucas","2"
"79430","dr j fleuriot","1"
"51232","professor m o'boyle","6"
"1801","professor m bradley","8"
"58317","professor b inkson","1"
"46741","professor p donnelly","11"
"14197","dr j shapiro","5"
"44685","professor p watson","15"
"69545","professor o jensen","4"
"8719","professor g kelsall","8"
"69966","professor l zhang","3"
"3216","dr d collison","4"
"27937","professor aj peyton","4"
"77862","professor gad briggs","6"
"44916","professor aj wilkinson","7"
"45263","professor i marshall","1"
"52064","dr ca laughton","3"
"13903","professor d sannella","3"
"13992","professor pa scarf","1"
"42432","professor i thayne","5"
"29870","professor s lucas","4"
"55914","professor jc vassilicos","6"
"82902","professor a ardavan","4"
"54770","professor dm whittaker","2"
"24520","professor j fisher","5"
"3322","professor j cooper","4"
"58408","professor k dautenhahn","1"
"41812","professor ta birks","3"
"3651","professor s culley","4"
"13929","professor aj saul","2"
"37881","dr np johnson","6"
"61635","dr i hepburn","2"
"5961","professor l gladden","9"
"3343","professor j copas","1"
"76361","professor nj young","3"
"42906","professor g pan","2"
"-486252","professor p russell","4"
"41055","professor d savic","2"
"27197","professor jd woollins","2"
"823","professor jr banerjee","1"
"45006","professor cc wilson","8"
"70990","professor pgt healey","8"
"16982","professor t whittaker","1"
"11453","dr k neailey","3"
"4553","professor mh dunn","6"
"21769","professor p maini","3"
"27774","professor b honary","3"
"69217","professor hn mcmurray","4"
"40414","professor rs kalawsky","4"
"10491","professor p mcdonald","3"
"42239","professor m singer","2"
"31756","professor s caddick","1"
"45","professor gj ackland","5"
"29675","professor i sinclair","4"
"7979","professor th hyde","4"
"74866","professor s beaumont","2"
"8102","professor sd jacka","3"
"17707","dr r young","5"
"41984","professor s kalliadasis","7"
"21285","professor tdh bugg","5"
"12101","professor g parr","4"
"59145","professor r roy","3"
"27099","professor pl read","1"
"16312","professor rb vinter","2"
"53872","professor l blunt","3"
"39835","professor kv horoshenkov","2"
"34258","professor q pankhurst","7"
"7713","professor jak howard","1"
"56489","professor o rana","8"
"50962","professor v falko","3"
"2688","professor d cebon","1"
"7956","professor d hutchison","7"
"3138","professor ag cohn","6"
"32025","professor na hill","3"
"3091","professor pd coates","5"
"6489","professor am guenault","1"
"5656","professor j gajjar","7"
"26707","dr m strangwood","4"
"2755","professor m chantler","4"
"69341","professor ch marrows","5"
"69603","dr aaa fernandes","2"
"10236","professor uh martin","1"
"16773","professor aj welch","1"
"50750","professor d jaroszynski","5"
"3323","professor j cooper","7"
"17665","professor em yeatman","8"
"43067","professor n. de n. donaldson","2"
"14765","professor ce snape","8"
"39110","dr cj solomon","2"
"42450","professor mw finnis","10"
"12762","mr p prickett","1"
"12034","professor d parish","1"
"59415","professor s boussakta","2"
"6475","professor c grovenor","8"
"7695","professor p houston","4"
"6705","dr p hancock","1"
"29635","dr jt nicholls","2"
"8834","professor ja kilner","1"
"27091","professor agl borthwick","1"
"35","professor s abramsky","3"
"55631","professor dj procter","2"
"12728","professor m prest","2"
"78845","professor n smart","3"
"5480","professor am fox","3"
"213","professor nl allan","4"
"13742","professor a russell","5"
"44914","professor h assender","3"
"32124","professor m bowker","8"
"794","professor rc ball","6"
"61514","professor a haddad","1"
"247","professor pm allen","2"
"8978","dr km knowles","1"
"8857","professor j king","1"
"4822","professor sr elliott","7"
"61384","dr dma buzza","1"
"42031","dr d swailes","4"
"8956","professor dw knight","2"
"49125","professor a burrows","3"
"32486","professor m george","9"
"34577","professor j zhang","3"
"53062","professor d gavaghan","16"
"10708","professor bc mecrow","2"
"49734","professor s elliott","4"
"50344","professor jmw brownjohn","2"
"7360","professor cj hinde","4"
"9340","professor mh lee","5"
"2327","professor r burrows","4"
"54148","professor p stevens","2"
"273","dr d allsopp","5"
"596","professor jp attfield","4"
"12308","professor r penty","11"
"17768","professor a zisserman","2"
"67831","professor d reeve","1"
"34917","dr t newson","3"
"10417","professor jv mccanny","8"
"31891","professor ip parkin","16"
"225","professor d allen","3"
"44119","professor d banister","1"
"71403","professor j sienz","2"
"13522","professor jm rodenburg","2"
"3003","professor j clarke","3"
"33877","professor pw may","3"
"64205","professor a salman","1"
"79518","professor sir jm brady","12"
"14826","professor j soraghan","3"
"29807","professor p lewin","4"
"70840","professor d bates","4"
"30005","professor js wilkinson","1"
"9671","professor k lomas","3"
"29806","professor jpw stark","1"
"53013","professor mr alexander","8"
"44695","professor d mcfarlane","5"
"68959","professor g yang","10"
"6446","professor rw grimes","1"
"12350","professor kc persaud","2"
"6070","professor jw goodby","1"
"9444","professor c lewis","2"
"11292","professor d muir wood","2"
"14726","professor ft smith","9"
"835","professor c banks","5"
"48743","dr n campbell","4"
"33125","professor dame a dowling","1"
"73967","professor m clark","3"
"34519","professor r parkin","4"
"21300","professor ph gaskell","3"
"5562","professor r freer","7"
"29058","professor pn bartlett","8"
"38418","professor kw dalgarno","4"
"2451","professor ra cairns","4"
"67555","professor pm smowton","2"
"45687","professor bn murdin","3"
"28648","dr ra black","5"
"46202","professor j gauntlett","2"
"22032","professor pwh chung","1"
"506","professor g asher","1"
"27409","dr cj mellor","1"
"11579","professor jr nicholls","10"
"56703","professor rk poole","3"
"2166","professor m bryce","1"
"12980","professor da rand","4"
"4738","professor p edwards","4"
"12133","professor ik partridge","4"
"27155","professor m shipman","2"
"28301","dr ja halliday","5"
"53511","professor s godsill","3"
"31979","professor a fokas","4"
"49267","professor pd lee","20"
"43013","professor se radford","3"
"51798","dr ks fancey","1"
"10327","professor p mawby","5"
"40346","professor mn morgan","1"
"15576","professor cj taylor","6"
"55374","professor j batchelor","5"
"45991","dr md judd","2"
"21829","professor sj payne","4"
"952","professor t barrett","1"
"12295","professor a penn","12"
"15550","professor ra taylor","1"
"44903","professor dc o'brien","2"
"55347","dr k rietsch","1"
"13767","professor a ryan","5"
"21278","professor s riffat","3"
"21378","professor tw clyne","1"
"29233","professor wl barnes","7"
"38341","dr m sutcliffe","3"
"41970","dr jl summers","4"
"17189","professor dj williams","6"
"52957","professor aj mulholland","9"
"37749","professor k badcock","2"
"37719","professor jw polak","10"
"62131","professor g pavlou","2"
"29633","professor c mcneil","6"
"16679","professor j watts","2"
"40042","professor aj kenyon","1"
"39898","professor a rodger","5"
"62745","professor n petrinic","3"
"42485","professor a alavi","3"
"14131","professor a sella","2"
"42725","professor mg davidson","14"
"5494","professor ct foxon","2"
"12311","professor sir m pepper","4"
"-215824","professor ar bell","4"
"57784","professor g cooke","5"
"22112","professor p rubini","1"
"50620","professor i head","3"
"2867","professor pyk cheung","5"
"51118","professor pm hall","10"
"51021","professor a mckinnon","1"
"4049","professor d de roure","9"
"59056","professor jv milanovic","4"
"127902","professor rk allemann","6"
"16863","professor ad wheatley","3"
"27196","dr mr lees","4"
"49138","professor w emmerich","7"
"67244","professor nd sandham","6"
"36749","professor a tabor","1"
"29584","professor eb martin","1"
"21273","professor d parker","4"
"45640","professor j pitt","1"
"41416","professor a shluger","7"
"28147","professor p wright","5"
"11618","professor m niranjan","3"
"13368","professor jm ritchie","6"
"21420","professor pr unwin","2"
"5834","professor j gibbins","3"
"10276","professor aj masters","4"
"2975","professor bg clarke","3"
"9985","professor p maguire","4"
"6324","professor pj green","1"
"17627","professor ml wyszynski","3"
"37814","dr wc michie","4"
"10640","professor c mcmahon","6"
"66414","professor k ozanyan","3"
"21659","dr ka prior","5"
"29788","professor lm peter","4"
"59914","professor a starr","1"
"71608","professor ma bees","1"
"34596","professor l shao","2"
"9586","professor d littlejohn","4"
"34505","professor a j orr-ewing","2"
"8369","professor p johnson","4"
"49768","professor a dent","4"
"65739","professor g o roberts","4"
"47268","professor m pollicott","3"
"40837","professor p bowen","5"
"3431","professor b cowan","1"
"53031","professor cc pain","5"
"8024","professor d infield","4"
"24008","professor jm graham","2"
"22243","professor ph mellor","3"
"32079","professor georgy makhviladze","2"
"41799","professor y yang","1"
"70695","professor jn harvey","3"
"38150","professor j longhurst","2"
"48970","professor f honary","2"
"9412","professor i leslie","2"
"49796","professor r king","5"
"6048","professor m goldstein","3"
"1219","professor s benford","18"
"88227","dr i campbell","3"
"27411","professor s howdle","6"
"9521","professor pf linden","5"
"29260","professor pk jimack","6"
"21338","professor ki booker-milburn","3"
"55504","professor z yang","3"
"29278","professor p skeldon","3"
"89706","professor gp hammond","1"
"57961","dr r lazic","2"
"29262","professor a armstrong","1"
"13957","professor am savill","5"
"6220","professor dm grant","12"
"3132","professor d cohen","1"
"28948","professor r aylett","3"
"10807","professor gj michaelson","1"
"53237","dr g smith","1"
"59078","professor wa clarkson","1"
"62734","professor rs langley","6"
"12453","professor g pickett","1"
"45570","dr dj cole","1"
"42440","professor m adams","3"
"46128","professor d reid","10"
"49195","professor n greenham","2"
"15190","professor da stone","3"
"31280","professor s evans","3"
"36435","professor ek burke","5"
"2208","professor nr buenfeld","3"
"5195","dr aj field","5"
"48606","professor g bond","1"
"7293","dr ew hill","1"
"13313","professor k ridgway","6"
"37835","professor m kearney","2"
"16671","professor r watt","3"
"17375","professor m wisnom","6"
"25230","professor sa billings","1"
"20508","professor r smith","7"
"9858","professor bl maccarthy","7"
"43972","professor n harrison","10"
"49821","dr w forysiak","2"
"71158","professor drs cumming","14"
"46163","professor m fox","1"
"29315","professor maj chaplain","8"
"73396","professor c soutis","5"
"38228","professor it nabney","1"
"46590","professor cb jones","2"
"3262","professor p conway","12"
"53130","professor b schroers","9"
"31745","professor tf cootes","4"
"4332","professor s donnelly","1"
"39423","professor p o'brien","2"
"44576","professor d lennon","5"
"31886","professor r cippola","6"
"30229","professor c cheeseman","3"
"43713","professor nh williams","4"
"2126","professor d bruce","3"
"13805","professor n saffari","8"
"16446","professor r wallace","1"
"2493","professor pj cameron","8"
"15686","professor km thomas","3"
"1216","professor sj bending","5"
"13152","professor m reid","1"
"12988","professor v randle","1"
"12300","dr s pennock","3"
"29862","professor ma sasse","9"
"36281","professor j keane","4"
"50320","professor r williams","2"
"3558","dr r cripps","4"
"52930","professor c molteni","5"
"1924","professor av bridgwater","1"
"43134","professor ga wiggins","4"
"54369","professor k pawar","5"
"4012","dr p dawson","3"
"47424","professor jj baumberg","5"
"56407","professor k althoefer","3"
"31747","professor aft winfield","3"
"28188","professor pc eames","4"
"76390","professor r warburton","3"
"56138","professor y shikhmurzaev","2"
"14993","professor pk stansby","2"
"54286","professor pj moriarty","6"
"21766","professor d robertson","5"
"12031","professor c parini","2"
"14115","professor aj seeds","11"
"44531","professor m desmulliez","15"
"75923","dr t cornford","1"
"3544","professor j cremona","1"
"38417","professor p gardner","4"
"56019","dr e palmiere","2"
"35210","professor p webb","6"
"37305","professor j clayden","3"
"-122094","dr r shuttleworth","2"
"7770","dr f huang","1"
"31961","professor c pulham","3"
"27531","professor ad ball","3"
"50943","dr t radzik","1"
"38008","professor d riley","2"
"-1866","dr s thoms","1"
"55434","professor raw dryfe","3"
"46239","professor j nelson","7"
"6602","professor pj hall","6"
"44633","professor sn fisher","1"
"42822","professor re morris","2"
"1809","professor d bradley","2"
"29229","professor a beeby","1"
"9831","professor sb lyon","1"
"7270","professor s higgins","7"
"37446","professor ig richardson","1"
"48889","professor p olivier","7"
"12321","professor a pericleous","2"
"50377","mr d barrett","4"
"40151","professor w luk","6"
"102051","professor n brookes","8"
"1745","professor r bowtell","1"
"12945","professor wm rainforth","10"
"13969","professor p sawyer","5"
"5821","professor dt gethin","4"
"10605","professor k mckinnon","3"
"53920","professor pi cowling","5"
"34631","professor gj page","6"
"10590","professor kg mckendrick","4"
"48909","professor p angeli","8"
"5635","professor v fusco","2"
"43470","professor p ashwin","10"
"2715","professor a chalmers","3"
"49339","professor c davis","3"
"12538","professor cp please","2"
"37401","professor jm preston","9"
"25572","professor im ward","2"
"47895","professor m harman","4"
"790","professor fg ball","5"
"50024","professor p xiao","2"
"11176","professor ga morris","1"
"55659","dr sf parker","5"
"10965","professor m missous","3"
"12161","professor nw paton","2"
"53128","dr pj heard","2"
"6201","professor wg graham","1"
"70153","professor j lawry","1"
"44789","professor pr raithby","7"
"6674","professor b hamilton","1"
"69299","professor wg scanlon","2"
"27069","professor r hand","1"
"42655","professor tj cox","5"
"16533","professor md ward","5"
"13087","dr ma redfern","2"
"74829","professor vn biktashev","5"
"84766","professor s macneil","5"
"72898","professor p bowen","6"
"16932","professor i white","7"
"31821","professor n jenkins","7"
"41039","professor a neville","4"
"12353","professor r perutz","3"
"2220","professor g buller","3"
"679","professor as bahaj","12"
"-413584","professor b w williams","1"
"34084","dr j busby","3"
"68663","professor g landini","1"
"52898","professor ca lucas","1"
"28215","professor p ireland","2"
"10670","professor mj mcpherson","1"
"12195","professor mj pavier","2"
"45752","professor r kerswell","3"
"4962","professor jrg evans","2"
"-118075","professor dj thompson","5"
"38027","professor pa wright","1"
"52838","professor rcd brown","4"
"43668","professor pc beard","4"
"17333","professor a windle","3"
"61579","professor b davis","5"
"6120","professor m gordon","1"
"12657","professor m pourkashanian","10"
"5975","professor kd glazebrook","4"
"30550","professor d gann","6"
"21837","professor sm veres","3"
"52875","professor d lam","1"
"17379","professor p withers","23"
"44582","professor s sharkh","2"
"50539","professor g hutton","1"
"67002","professor a evans","2"
"5628","professor s b furber","9"
"15617","professor r templer","5"
"38641","professor a m rucklidge","7"
"22030","professor dj lurie","2"
"27853","professor r akid","1"
"56791","professor l parnovski","1"
"11861","professor t oreszczyn","4"
"44159","professor m leach","1"
"14612","professor cg smith","3"
"41202","professor dj richardson","11"
"4239","professor n dixon","1"
"40210","professor e terentjev","4"
"27204","professor at paxton","6"
"25929","dr z barber","1"
"-118661","professor cp caulfield","3"
"43632","dr spa gill","3"
"1655","professor at boothroyd","4"
"84607","professor s marvin","1"
"26927","professor m sumner","2"
"6882","professor r harrison","5"
"14887","professor a spence","7"
"11076","professor cj moody","5"
"470","professor sr arridge","7"
"56998","professor c pearce","3"
"72111","professor a friday","2"
"46040","professor sj clark","6"
"65753","professor k williams","1"
"9896","professor j maciejowski","2"
"48497","dr m kadodwala","6"
"36473","dr pj martin","1"
"11671","professor j norris","5"
"2212","professor d bull","7"
"43874","professor fp dunne","6"
"21851","professor r cant","2"
"38712","professor a kucernak","6"
"37755","professor a carbery","8"
"10310","professor a matthews","6"
"11400","professor a mycroft","3"
"9295","professor d leak","8"
"106","professor ah aghvami","3"
"3017","professor t claypole","4"
"43422","dr s lucyszyn","2"
"10226","professor rr martin","2"
"15956","professor c toumazou","8"
"48498","professor pj skabara","1"
"16157","professor jr tyrer","3"
"7786","dr ma huckvale","3"
"729","professor cj baker","10"
"54467","professor r thomson","7"
"50145","professor b drinkwater","9"
"38054","dr lb newnes","4"
"25053","professor w sibbett","2"
"50168","professor jm reese","3"
"11444","dr pa naylor","3"
"1051","professor p battle","2"
"9333","professor we lee","4"
"44007","professor pa warburton","6"
"48653","professor a waller","3"
"77617","dr fl pratt","3"
"21785","dr r fenner","3"
"10115","professor j marangos","7"
"11955","professor jr owers-bradley","1"
"34745","professor p bayvel","2"
"14109","professor k seddon","3"
"8103","professor rb jackman","1"
"45429","professor jw bradley","6"
"13802","professor pj sadler","1"
"24451","professor d chadwick","5"
"51098","professor n peake","1"
"6876","professor rf harrison","2"
"9960","professor hd macpherson","1"
"6728","professor c hankin","10"
"298","professor g amaratunga","3"
"34764","professor d griffiths","1"
"12408","professor c phillips","2"
"40963","professor dl borchers","1"
"783","professor n balkan","3"
"33069","professor s linton","2"
"4504","professor a duffy","4"
"12208","professor sir dn payne","5"
"43946","professor k worden","8"
"1210","professor mr belmont","4"
"10318","professor r maull","6"
"34512","professor cr stone","5"
"42722","professor n barltrop","1"
"47847","dr s heath","1"
"54016","professor t ibell","5"
"56751","professor j berndt","8"
"6378","dr ar greig","1"
"60067","professor p wright","1"
"36319","dr gs hilton","4"
"1361","professor jw bialek","4"
"41001","professor kj roberts","4"
"59146","professor t baines","3"
"39422","professor s lee","3"
"48291","professor m fitzpatrick","1"
"44626","professor a incecik","3"
"9481","professor y li","4"
"16823","professor ar west","5"
"48696","dr df d'ayala","1"
"39732","professor jl driscoll","2"
"5838","dr j gibbons","7"
"32011","professor l he","3"
"16737","professor mf webster","1"
"42411","professor ja thomas","5"
"71090","dr aj white","6"
"29756","professor s duncan","4"
"15535","professor r taylor","1"
"6605","professor s hall","2"
"54555","professor m ryan","5"
"40395","professor d hewak","10"
"45461","professor d bouchlaghem","8"
"37684","professor h zhao","3"
"15124","professor g stewart","2"
"36990","professor jcp woodcock","2"
"8423","professor a jones","4"
"2803","professor m charlton","1"
"17757","professor n zheludev","4"
"5756","professor s garvey","3"
"42124","professor da barrow","2"
"56813","professor m freer","1"
"44508","professor m mcculloch","1"
"44615","dr n robertson","1"
"12521","professor am pitts","1"
"70008","professor m lycett","3"
"10222","professor pp martin","3"
"38227","professor da cardwell","2"
"39235","professor nj hitchin","2"
"37419","professor ea hinds","6"
"53551","dr j sharp","1"
"56695","professor b garraway","2"
"27169","professor mj kelly","3"
"51079","professor z fan","3"
"8225","professor pg jeavons","1"
"49658","professor p popelier","2"
"40650","professor k chen","7"
"2673","professor dm causon","4"
"50535","professor ja barker","1"
"41239","professor si hogg","6"
"1509","professor m blamire","3"
"61323","professor dr bowler","6"
"5127","professor t fearn","8"
"15671","professor d thomas","3"
"16565","professor m warner","4"
"41098","professor s tait","1"
"13484","professor p robinson","2"
"30513","professor df mcmorrow","3"
"41408","professor sj gay","3"
"50835","professor p steadman","3"
"21578","professor c greaves","2"
"43504","professor d ireland","4"
"1116","professor a becker","3"
"52643","professor p rosin","2"
"74214","professor ap mackenzie","3"
"39752","professor rj cernik","17"
"41943","dr p malacaria","3"
"25478","professor p hancock","2"
"40973","professor g lye","9"
"36023","professor rj dashwood","6"
"55620","dr j buckingham shum","3"
"28886","professor j tawn","6"
"14906","professor tp spiller","1"
"15837","professor m tight","8"
"57488","professor a carrington","3"
"28053","professor g coulson","3"
"43613","professor sa schneider","8"
"15901","professor dg toll","1"
"47213","professor b nuseibeh","4"
"10088","professor dac manning","2"
"70341","professor j glass","9"
"27118","professor d vassiliev","1"
"4705","professor dj edwards","2"
"43622","professor v kadirkamanathan","3"
"591","professor g attard","1"
"47139","professor m gilbert","1"
"9043","professor a krier","6"
"15654","professor h thimbleby","4"
"6974","professor d hawkes","4"
"54564","professor s best","2"
"55461","professor mj joyce","1"
"14107","professor jm seddon","3"
"38129","professor dm paul","3"
"33041","dr c morley","2"
"46177","professor c carmalt","7"
"-45486","professor ps bate","3"
"49733","dr wm sebastian","3"
"21839","dr mj chappell","3"
"13273","dr rn richardson","5"
"1080","professor m beach","6"
"32288","professor ja clark","4"
"8772","professor p keogh","2"
"3247","professor p connolly","7"
"37464","dr nh thom","2"
"10928","professor wi milne","6"
"16033","professor jpm trusler","1"
"7223","professor gf hewitt","6"
"46124","professor g lloyd-jones","5"
"2132","professor p bruce","8"
"32459","professor w zimmerman","9"
"7022","professor s hayden","3"
"48362","professor dm murphy","4"
"3366","professor j corney","3"
"58293","professor id gilchrist","8"
"42254","professor c baden fuller","2"
"50579","professor d hand","8"
"51635","dr w davies","4"
"27178","professor m rosseinsky","11"
"68680","professor k kamenev","7"
"28709","dr cy barlow","2"
"36081","professor n alford","2"
"61977","professor sm dixon","7"
"27794","professor j mottershead","2"
"29253","dr c richards","2"
"10566","professor ac mcintosh","2"
"22235","professor m sandler","10"
"57895","professor p blythe","10"
"24398","professor ja yeomans","5"
"36367","professor fp brennan","2"
"12032","professor j paris","1"
"49973","dr s balabani","1"
"47966","professor z jin","1"
"53167","dr ca scotchford","3"
"-116900","professor nj doran","3"
"44257","professor j harding","6"
"41598","professor rjk wood","3"
"3826","professor j david","2"
"21687","professor s gilmour","3"
"-2886","professor js shawe-taylor","10"
"50716","professor j billingham","3"
"28516","professor na warrior","3"
"37521","professor m cates","7"
"35858","professor s robson","1"
"5067","professor ra falconer","2"
"21646","professor p dawson","4"
"55264","professor m willis","4"
"11092","dr j moore","1"
"23005","professor d willshaw","7"
"37325","professor n canagarajah","3"
"15755","professor ge thompson","12"
"32020","professor b bowditch","1"
"9409","professor m leschziner","6"
"12426","professor tn phillips","4"
"10789","professor is metcalfe","12"
"28253","dr p strachan","2"
"10622","professor t mcleish","3"
"17222","professor p willis","10"
"49008","professor p gardner","2"
"39291","professor m towrie","3"
"48255","professor j silver","3"
"6057","professor n gomes","3"
"41112","professor bd simons","4"
"29279","professor cm rayner","1"
"58058","professor p radaelli","7"
"12292","sir jb pendry","3"
"45280","professor j knight","4"
"10455","professor cf mcconville","2"
"9046","professor ph kropholler","1"
"5533","professor lj frasinski","4"
"69316","professor p john","3"
"368","professor bj andrews","1"
"32479","professor sir a cuschieri","3"
"41846","professor d drikakis","4"
"102972","professor n shah","28"
"39843","professor d chen","4"
"4656","professor l eaves","1"
"54484","professor a al-tabbaa","5"
"49622","dr np lockyer","2"
"57930","professor m mirmehdi","4"
"4389","professor mt dove","2"
"41348","dr dp steenson","7"
"64967","professor s aldridge","2"
"7253","professor bj hickey","5"
"49980","professor g finlayson","2"
"52060","professor dn woolfson","2"
"21343","professor n mckeown","7"
"15681","professor hr thomas","5"
"38911","professor d harrison","1"
"53866","professor m barnes","2"
"31883","professor aj fisher","8"
"491","professor ama asenov","1"
"14648","professor jq smith","1"
"45758","professor m nazarov","1"
"9479","professor s ley","4"
"-5718","professor kj kirkby","3"
"-449796","professor s seetharaman","5"
"12926","professor r raeside","1"
"-124855","professor mw jones","5"
"39641","professor pa norreys","4"
"-3092","professor grt ter haar","3"
"51210","dr v stovin","2"
"45237","professor m kolokotroni","1"
"14049","professor m scott","6"
"45542","professor a hilton","3"
"21216","professor j austin","5"
"1352","professor h bhadeshia","4"
"30074","professor jb davison","1"
"69939","professor h sirringhaus","3"
"43140","professor m batty","5"
"75573","professor sg kazarian","5"
"30818","professor rp lindstedt","2"
"55085","dr p davies","8"
"42118","professor r panerai","2"
"8108","professor g jackson","3"
"22096","professor id abrahams","12"
"68130","professor np brandon","14"
"34558","professor s duckett","4"
"2711","professor j chalker","2"
"5270","professor r fisher","1"
"34571","professor s meech","6"
"55349","professor x luo","3"
"9121","professor c lambert","11"
"38217","professor p jennings","5"
"11973","dr j padget","3"
"14902","professor ha spikes","2"
"17712","professor sj young","3"
"58233","dr k ronald","2"
"44245","professor j mccann","9"
"46430","professor s rose","1"
"10032","professor w malalasekera","6"
"59590","professor m jolly","5"
"10686","dr s mcvitie","4"
"56494","dr e boiten","7"
"5698","professor a gammerman","3"
"45632","professor d simeonidou","7"
"9591","professor b littlewood","5"
"2683","professor p cawley","10"
"46033","professor dh gregory","2"
"66057","professor p zioupos","1"
"49153","professor p o'brien","4"
"1547","professor p blower","1"
"8523","professor r jones","1"
"34534","dr mi newton","2"
"1994","mr dm brookes","3"
"6007","professor c goble","1"
"51893","professor m mahfouf","3"
"44759","professor j billowes","1"
"35206","professor m fairweather","1"
"75256","professor d firth","1"
"8111","professor m jackson","4"
"6200","professor njd graham","1"
"49479","professor s parsons","5"
"102","professor vk aggarwal","3"
"12687","professor w powrie","14"
"28186","mr pr green","1"
"29191","professor a powell","2"
"51540","professor n wilding","2"
"48741","dr p taylor","3"
"1450","professor us bititci","7"
"41423","professor r allen","7"
"48363","professor s nazarenko","7"
"76198","professor d may","5"
"13717","professor cd rudd","3"
"38079","dr og harlen","2"
"48379","professor g lock","4"
"42780","professor kh luo","7"
"41801","professor im reaney","7"
"16561","professor j wark","4"
"21787","professor g pender","4"
"75481","professor a martin","8"
"46286","professor cj stevens","3"
"13133","dr j reeve","3"
"6408","professor aj griffiths","4"
"51646","professor s matcher","4"
"9383","professor d leigh","1"
"30719","professor t martin","1"
"44011","professor c greenough","4"
"17473","professor pc woodland","2"
"58845","professor w schwarzacher","1"
"7995","professor e ifeachor","2"
"68829","dr a bhalerao","4"
"21767","professor k choi","3"
"41056","dr m dunnigan","2"
"14060","professor ns scott","1"
"39006","professor ag davies","10"
"77331","professor np hankins","2"
"36017","professor r cooper obe","6"
"37796","professor m j s lowe","7"
"61145","professor r martinez-botas","2"
"60514","professor aj florence","16"
"705","professor c bain","5"
"69120","dr kk hii","2"
"43154","professor jg hawley","3"
"15747","professor s thompson","1"
"10364","professor t mays","7"
"13548","professor k rogers","1"
"13417","professor s roberts","5"
"55443","professor a welch","1"
"46155","dr rb hammond","1"
"52780","professor p matousek","3"
"34806","professor j wen","3"
"4022","professor a day","2"
"36455","professor r raval","3"
"29480","dr h le","1"
"21890","professor j morrison","3"
"21483","professor r jones","2"
"55297","professor f li","4"
"34875","professor sd price","2"
"21394","dr m hird","2"
"28545","professor m basheer","7"
"54748","professor ce shankland","4"
"57303","professor se mikhailov","1"
"50078","professor c greenhalgh","1"
"6532","professor i guymer","8"
"27203","professor k choy","5"
"2018","professor m brouard","2"
"4468","professor il dryden","8"
"41034","professor f livens","2"
"-5447","professor tm fromhold","2"
"731","professor hj baker","2"
"44684","professor dl bader","1"
"34707","professor tp curtis","6"
"4267","professor pj dobson","9"
"12223","professor ar peaker","1"
"28187","professor da ritchie","7"
"27116","professor a etheridge","1"
"50614","dr g white","1"
"3113","professor ac cocks","8"
"36834","professor i hardalupas","4"
"14540","professor m skolnick","6"
"30815","professor m wooldridge","3"
"7938","professor i hutchings","1"
"117266","professor l yellowlees","3"
"14032","professor m schroder","6"
"68066","professor s petrovic","1"
"36060","professor aj marshall","3"
"17408","dr d wolverson","4"
"4180","professor p dickens","2"
"50928","mr g garrod","8"
"8935","professor r kitney","3"
"17193","professor g williams","4"
"73421","dr gr darling","2"
"3156","professor d cole-hamilton","5"
"49954","professor p scott","1"
"37967","professor ns braithwaite","2"
"44948","professor zx guo","6"
"16056","professor rw tucker","4"
"40140","professor r stevens","13"
"8323","professor a jha","6"
"27648","professor p grant","14"
"39084","professor aa west","8"
"13517","dr pi rockett","1"
"68073","professor a astolfi","1"
"40612","professor g strbac","12"
"11678","professor m north","6"
"41906","professor h babinsky","2"
"51996","dr rv law","3"
"10843","professor mj miles","3"
"16037","professor p tsakiropoulos","5"
"11267","professor j mottram","3"
"59622","dr ae whiteing","1"
"28958","professor m marletta","3"
"64694","professor y wang","1"
"46081","professor z you","4"
"31522","professor d arvind","2"
"39488","professor a ireland","1"
"51894","professor m searle","1"
"17488","professor r woods","2"
"31392","professor c roberts","3"
"15016","professor jb staunton","4"
"11136","professor h morgan","2"
"74102","professor p nelson","8"
"2762","professor jr chaplin","1"
"75897","dr oa petrenko","1"
"46911","professor h mccann","6"
"57066","professor ij craddock","7"
"50637","professor pk woodward","2"
"37308","professor t donohoe","2"
"53335","dr g parry","2"
"38108","professor nf thornhill","3"
"45941","professor dj paul","8"
"2390","professor r butler","3"
"16159","professor a tyrrell","5"
"15688","professor m calder","11"
"34617","professor ml turner","2"
"15493","professor rp tatam","8"
"-114894","professor m jones","6"
"44683","professor lf cohen","6"
"5300","professor n fleck","3"
"16252","professor a vaughan","5"
"13851","professor jr sambles","6"
"45862","professor p potluri","2"
"52920","professor s hooker","2"
"16880","professor b wherrett","6"
"12009","professor re palmer","2"
"21594","professor aj horsewill","4"
"26893","professor m stack","1"
"14179","professor n shadbolt","9"
"6610","professor dame w hall","10"
"42857","dr j hriljac","1"
"42684","professor s tsang","3"
"17302","professor pa wilson","5"
"28488","professor pr chalker","7"
"36758","professor a long","6"
"34550","professor h fielding","3"
"62200","professor a noble","11"
"27650","dr jm hale","1"
"44434","professor r henderson","2"
"34742","professor j sherratt","10"
"16895","professor rj whitby","3"
"11750","professor k o'grady","1"
"28909","professor p trinder","3"
"37273","professor d reay","4"
"15517","professor amp taylor","4"
"11820","professor rw ogden","3"
"16440","professor a wallace","4"
"16509","professor aj walton","9"
"37876","professor w wang","4"
"9723","professor d loveday","2"
"24593","dr m wilson","3"
"44380","professor k hellgardt","6"
"41099","professor e fraga","5"
"44677","dr j titman","2"
"69614","dr mc wright","1"
"36103","professor rc reed","9"
"11746","professor k odonnell","1"
"9133","professor m lancaster","1"
"800","professor sir j ball","2"
"11780","professor w o'neill","5"
"8754","professor dbr kenning","3"
"7875","professor sir c humphreys","6"
"3351","dr m coppins","1"
"10387","professor d mcauley","14"
"22017","professor a yakovlev","5"
"-2819","professor fa armstrong","5"
"48095","professor h summers","8"
"57710","professor sj mckenna","5"
"51434","professor t hall","1"
"50220","dr a iraqi","2"
"56821","professor r craster","7"
"15348","professor ap sutton","4"
"13938","professor j saunders","3"
"2202","professor g buckton","2"
"11057","professor g montague","1"
"50221","professor p rees","5"
"35322","professor d watling","1"
"32038","professor s hailes","10"
"42706","professor b webb","6"
"38923","professor a atkinson","1"
"8417","professor w johnstone","9"
"2022","professor ad brown","3"
"69466","professor i gursul","2"
"16070","professor aj turberfield","1"
"9965","professor pa madden","5"
"37850","professor n stanton","4"
"40055","professor sj finney","2"
"58212","professor x chen","3"
"13385","professor m a robb","5"
"29307","professor p treleaven","15"
"11552","professor me newton","3"
"15713","professor ej thomas","1"
"31869","professor prn childs","2"
"1313","professor ph beton","4"
"43886","professor m giles","2"
"43529","professor sj sherwin","7"
"5822","professor m ghadiri","1"
"60157","professor c bowen","3"
"61980","professor rh clayton","4"
"14634","professor gh smith","1"
"4231","dr da diver","2"
"17420","professor d wood","3"
"28022","professor r gaizauskas","3"
"55346","professor spj higson","5"
"10910","professor a mills","7"
"32414","professor re cameron","2"
"8620","professor ak kar","2"
"34648","professor r field","4"
"14808","professor m somekh","4"
"-234376","professor ra mcmahon","3"
"15129","professor ia stewart","3"
"16391","professor d wales","4"
"45311","professor t wilkinson","7"
"11315","professor g mullineux","1"
"15519","professor ca taylor","9"
"28149","professor s cox","3"
"12352","professor gj pert","1"
"5779","professor p gaydecki","6"
"53674","dr cl dixon","1"
"28462","professor dn chapman","7"
"53018","professor sp morgan","3"
"40770","professor fc walsh","1"
"63519","professor m browne","4"
"17161","professor p williams","5"
"39143","dr g d'alessandro","7"
"37147","professor nj long","5"
"72178","professor m edirisinghe","6"
"93744","dr mj clifford","3"
"37692","professor k soga","7"
"12558","professor m poliakoff","5"
"6625","professor p hall","3"
"51845","professor m zervas","3"
"11644","professor p nolan","1"
"45489","professor lk shark","2"
"1396","professor j binner","3"
"31603","professor r smith","1"
"31317","dr ia jones","5"
"69411","professor n ghani","2"
"40202","dr p sherwood","5"
"58418","dr t osman","1"
"668","professor jp badyal","5"
"5579","professor jg frey","4"
"17143","professor j williams","4"
"58194","dr i farnan","1"
"8761","professor a kent","2"
"39154","professor r dwyer-joyce","6"
"55720","dr m jobson","4"
"-119801","professor pm jones","1"
"17736","dr s zachary","8"
"21348","professor ca hunter","2"
"23065","professor cj schofield","3"
"43152","professor h byrne","3"
"72920","professor a murray","2"
"102975","professor sw james","7"
"28335","professor n badnell","3"
"13590","professor a roscoe","1"
"13330","professor e riis","6"
"21686","professor l hanzo","3"
"40306","professor dj richards","12"
"6586","dr da hall","4"
"507","professor mnr ashfold","3"
"9093","professor n ladommatos","2"
"1182","professor sej bell","1"
"17349","professor re winpenny","5"
"41641","professor t krauss","5"
"48366","professor p thomas","1"
"21853","professor t o'doherty","1"
"72692","professor rj green","3"
"49750","professor d neely","1"
"38142","dr cn eastwick","7"
"41623","professor a azapagic","8"
"43825","professor wp gillin","2"
"36938","professor j chambers","2"
"50661","professor j girkin","2"
"14056","professor k scott","7"
"10167","professor jh marsh","1"
"27579","professor s cochran","4"
"16234","professor y vardaxoglou","3"
"71054","professor pl arnold","2"
"43512","professor d greaves","4"
"77443","dr pb jackson","1"
"50604","dr i masters","1"
"29828","professor a.c.w finkelstein","4"
"42912","professor m barigou","3"
"98328","professor s colton","5"
"71083","professor m ryan","4"
"13147","professor g reid","7"
"2388","professor d butler","2"
"6304","professor pd green","2"
"7234","professor b heydecker","1"
"22007","professor t leighton","1"
"643","professor b azzopardi","4"
"51807","professor l mair","6"
"-414641","professor fj gilbert","3"
"37119","professor hl anderson","8"
"38533","professor l strigini","5"
"29227","professor p reed","2"
"7963","professor jm hutson","4"
"32006","professor p prangnell","6"
"24","professor c abell","3"
"15984","dr c trager-cowan","9"
"22809","professor pj fryer","6"
"14544","professor rct slade","4"
"4996","professor de evans","3"
"41809","dr c williams","6"
"75997","professor a podoleanu","3"
"68422","dr a edkins","9"
"11321","professor r mulvey","2"
"23987","professor t softley","3"
"27176","professor n goddard","2"
"41460","professor dj riley","4"
"21442","professor g tallents","1"
"-286983","professor n quirke","2"
"38559","mr ar mills","2"
"42759","professor wif david","4"
"52847","professor x ni","3"
"22135","dr d hughes","1"
"34988","professor n davies","10"
"5592","professor mi friswell","4"
"9846","professor le macaskie","1"
"57029","professor mr evans","1"
"59852","professor dp shepherd","3"
"15299","professor e suli","2"
"1493","professor a blake","2"
"25950","professor de logan","4"
"32178","professor a movchan","7"
"76625","professor sm ratchev","14"
"27121","professor d higham","10"
"49315","professor j sweeney","2"
"10612","professor s mclaughlin","8"
"38367","professor a mckay","1"
"23896","professor g grimmett","3"
"56409","professor w hayes","7"
"50582","professor w ion","5"
"46999","professor d walker","3"
"49617","professor sa macgregor","2"
"1488","professor g blair","16"
"2320","professor ag burr","1"
"117837","professor p. g. tucker","4"
"5719","professor jw gardner","1"
"-167458","dr jc matthews","3"
"-23413","professor pm budd","6"
"2663","professor r catlow","22"
"35749","professor e ingham","5"
"53039","professor j tisch","7"
"31516","professor r taylor","4"
"4826","professor charles elliott","4"
"15492","professor s tassou","4"
"2599","professor omj carsten","3"
"27122","professor sj hogan","5"
"61541","professor l carr","10"
"16176","professor g ungar","1"
"34860","professor g leggett","7"
"45188","professor s bull","1"
"54941","professor a gavriilidis","15"
"5028","professor p ewart","5"
"60142","professor as nelson","2"
"32110","professor rw martin","10"
"6831","professor kdm harris","2"
"45677","professor m s a bradley","1"
"42928","professor z zhang","2"
"33824","professor f critchley","1"
"17345","professor cp winlove","1"
"21436","professor ba shollock","3"
"5310","professor pj fleming","2"
"3889","professor m davies","5"
"8964","professor sir p knight","6"
"5745","professor k garry","1"
"69511","dr k eder","2"
"58252","dr ae goeta","3"
"31841","professor s renals","2"
"2583","professor j carr","10"
"41029","professor l lin","2"
"8465","professor jdc jones","6"
"16421","professor s walker","3"
"14582","dr a smaill","5"
"39147","professor m davies","3"
"85400","professor k wynne","3"
"10667","dr ds mcphail","1"
"9602","professor a livingston","7"
"61397","dr dt joss","1"
"61236","professor sh taylor","5"
"47044","professor d long","1"
"36580","professor d pym","3"
"2953","professor jh clark","8"
"34866","professor p crossley","1"
"30887","professor tl mccluskey","1"
"51123","professor baj glowacki","1"
"9071","dr rv kumar","2"
"4140","professor j derrick","1"
"16424","dr s walker","1"
"32176","professor m reece","6"
"21901","professor j clare","3"
"8305","professor m jerrum","3"
"7510","professor rg holdich","2"
"12204","professor mc payne","12"
"7684","professor mj hounslow","1"
"50184","professor a pavic","1"
"34959","dr jd garside","2"
"42555","professor rl johnston","3"
"46173","professor a stuart","4"
"52001","professor d lidzey","10"
"34656","professor a houlton","2"
"21508","professor d duncan","10"
"11870","professor a orpen","2"
"42246","professor i fesenko","2"
"16716","professor rp webb","2"
"4088","professor r deeth","2"
"21754","professor dm ingram","2"
"2307","professor a burns","3"
"29692","professor k gibson","4"
"13096","professor gt reed","6"
"16172","professor i underwood","5"
"43092","professor y zhang","1"
"56944","professor j rorison","4"
"27898","dr q zhao","2"
"10082","professor s mann","4"
"50173","professor jm jones","6"
"29187","professor a mount","6"
"32519","professor a nix","3"
"7937","professor g hutchings","9"
"25224","professor g price","3"
"1732","professor a w bowman","1"
"434","professor sp armes","5"
"15366","professor c swan","3"
"8058","professor j irvine","6"
"25203","professor p weightman","7"
"40832","professor b murray","3"
"53021","professor f udrea","3"
"37987","professor s roberts","4"
"93270","professor pm rodger","1"
"95123","professor m gaster","3"
"38007","professor am mullis","3"
"35366","professor g mchale","2"
"27824","professor r tafazolli","6"
"46045","professor s moore","3"
"41037","professor a blandford","6"
"42975","professor j marrow","2"
"82265","professor s king","2"
"39564","professor q yao","1"
"11049","professor a monkman","2"
"37135","dr jhg steinke","2"
"12808","professor r procter","6"
"26550","professor n tyler","12"
"27733","professor k kendall","5"
"21399","professor wj clegg","3"
"37681","professor m soutsos","2"
"48598","dr b al-duri","1"
"4770","professor a el haj","5"
"46533","professor dj balding","1"
"4579","professor s durucan","1"
"5587","professor sir r friend","5"
"29356","professor nr jennings","12"
"21422","professor sc parker","8"
"39014","professor j robertson","4"
"67969","professor s turitsyn","1"
"40869","professor st buckland","1"
"55324","professor jm allwood","9"
"42882","professor cs adams","3"
"42271","professor srp silva","1"
"29791","professor re critoph","4"
"45310","professor p hu","8"
"38091","professor s blundell","5"
"12174","professor ea patterson","1"
"4136","professor b derby","11"
"21509","professor d macphee","1"
"13542","professor e rogers","1"
"11944","professor j m owen","3"
"4762","professor s eisenbach","5"
"2221","professor s bullett","8"
"15793","dr c thornton","3"
"21518","professor s salhi","1"
"3618","professor j crowcroft","11"
"13540","professor cdf rogers","14"
"18960","professor j rarity","5"
"31810","professor k falconer","1"
"8088","professor ms islam","7"
"54005","professor tm brady","9"
"27310","professor m padgett","13"
"13520","professor t rodden","11"
"57814","dr a nogaret","1"
"8919","professor a kirkland","4"
"44464","dr d holliday","2"
"45736","professor pw o'hearn","2"
"12600","professor w poon","3"
"2652","professor i castro","1"
"38101","professor a robins","3"
"127861","professor a forsyth","8"
"55612","dr s collins","2"
