"accelerator r&d","2"
"acoustics","28"
"aerodynamics","55"
"algebra & geometry","51"
"analytical science","70"
"applied arts htp","2"
"artificial intelligence","82"
"assess/remediate contamination","1"
"asymmetric chemistry","9"
"atoms & ions","6"
"behavioural & experimental eco","1"
"biochemical engineering","9"
"bioelectronic devices","13"
"bioenergy","26"
"bioinformatics","12"
"biological & medicinal chem.","17"
"biomaterials","58"
"biomechanics & rehabilitation","31"
"biomedical neuroscience","7"
"bionanoscience","2"
"biophysics","45"
"bioprocess engineering","13"
"building ops & management","39"
"carbon capture & storage","33"
"catalysis & applied catalysis","90"
"catalysis & enzymology","2"
"chemical biology","21"
"chemical structure","54"
"chemical synthetic methodology","51"
"civil engineering materials","24"
"climate & climate change","4"
"co-ordination chemistry","24"
"coal technology","1"
"coastal & waterway engineering","21"
"cognitive psychology","1"
"cognitive science appl. in ict","4"
"cold atomic species","8"
"combustion","48"
"complex fluids & soft solids","59"
"complexity science","42"
"composition","3"
"comput./corpus linguistics","3"
"computational linguistics","2"
"computer graphics & visual.","28"
"computer sys. & architecture","39"
"condensed matter physics","65"
"construction ops & management","17"
"continuum mechanics","67"
"control engineering","45"
"criminal law & criminology","2"
"criminology","3"
"design & testing technology","59"
"design engineering","42"
"design of process systems","74"
"design processes","17"
"development (biosciences)","1"
"development geography","1"
"developmental psychology","2"
"diamond light source","1"
"digital art & design","4"
"digital arts htp","3"
"digital signal processing","60"
"displays","5"
"drug formulation & delivery","31"
"earth engineering","1"
"economics","7"
"education","7"
"electric motor & drive systems","16"
"electrochemical science & eng.","31"
"electromagnetics","7"
"electronic devices & subsys.","100"
"energy - conventional","36"
"energy - marine & hydropower","29"
"energy - nuclear","56"
"energy efficiency","109"
"energy storage","66"
"eng. dynamics & tribology","44"
"environment & health","1"
"environmental economics","2"
"environmental planning","6"
"evolution & populations","1"
"fluid dynamics","46"
"food processing","3"
"food structure/composition","4"
"fuel cell technologies","47"
"fundamentals of computing","76"
"fusion","9"
"gas & solution phase reactions","65"
"genomics","7"
"geohazards","1"
"ground engineering","33"
"heat & mass transfer","44"
"high performance computing","36"
"human communication in ict","26"
"human geography (general)","6"
"human-computer interactions","88"
"image & vision computing","67"
"information & knowledge mgmt","108"
"instrumentation eng. & dev.","75"
"intelligent & expert systems","10"
"international law","1"
"international relations theory","1"
"knowledge management","2"
"land - ocean interactions","4"
"lasers & optics","41"
"light-matter interactions","18"
"logic & combinatorics","31"
"macro-molecular delivery","1"
"macroeconomics","3"
"magnetism/magnetic phenomena","56"
"management & business studies","20"
"manufact. business strategy","12"
"manufact. enterprise ops& mgmt","96"
"manufacturing machine & plant","202"
"marketing","2"
"materials characterisation","206"
"materials processing","118"
"materials synthesis & growth","194"
"materials testing & eng.","67"
"mathematical & statistic psych","1"
"mathematical analysis","44"
"mathematical aspects of or","20"
"mathematical physics","37"
"med.instrument.device& equip.","102"
"media & communication studies","5"
"medical imaging","43"
"medical science & disease","37"
"microeconomic theory","1"
"microsystems","63"
"mobile computing","36"
"modelling & simul. of it sys.","9"
"multimedia","12"
"multiphase flow","25"
"music & acoustic technology","11"
"musical performance","3"
"networks & distributed systems","96"
"new & emerging comp. paradigms","5"
"new media/web-based studies","8"
"non-linear systems mathematics","60"
"novel industrial products","2"
"numerical analysis","59"
"oil & gas extraction","8"
"optical communications","31"
"optical devices & subsystems","68"
"optical phenomena","21"
"optoelect. devices & circuits","92"
"organisational studies","3"
"parallel computing","14"
"particle technology","32"
"pavement engineering","4"
"physical organic chemistry","22"
"plant physiology","1"
"plant responses to environment","1"
"plasmas - laser & fusion","26"
"plasmas - technological","10"
"political geography","3"
"population ecology","3"
"power electronics","7"
"power sys man, prot & control","8"
"power systems plant","19"
"product design","1"
"protein chemistry","1"
"protein folding / misfolding","1"
"psychology","9"
"quantum fluids & solids","16"
"quantum optics & information","46"
"reactor engineering","25"
"rf & microwave technology","57"
"rheology","5"
"robotics & autonomy","56"
"scattering & spectroscopy","8"
"science & technology studies","5"
"separation processes","28"
"social anthropology","3"
"social policy","1"
"social psychology","3"
"social stats., comp. & methods","7"
"sociology","6"
"software engineering","63"
"soil science","3"
"solar technology","61"
"statistics & appl. probability","91"
"structural biology","1"
"structural engineering","32"
"surfaces & interfaces","45"
"survey & monitoring","1"
"sustainable energy networks","84"
"sustainable energy vectors","45"
"synthetic biology","20"
"system on chip","4"
"theoretical biology","9"
"time-based media htp","2"
"tissue engineering","36"
"transport ops & management","47"
"underwater engineering","3"
"urban & land management","55"
"vision & senses - ict appl.","17"
"vlsi design","4"
"waste management","9"
"waste minimisation","4"
"water engineering","40"
"wind power","17"
