"accelerator r&d","4"
"acoustics","77"
"aerodynamics","168"
"ageing: chemistry/biochemistry","3"
"algebra & geometry","226"
"analytical science","197"
"animal behaviour","1"
"animal organisms","8"
"applied arts htp","2"
"artificial intelligence","376"
"assess/remediate contamination","14"
"asymmetric chemistry","20"
"atoms & ions","24"
"behavioural & experimental eco","4"
"biochemical engineering","29"
"bioelectronic devices","18"
"bioenergy","139"
"bioinformatics","36"
"biological & medicinal chem.","56"
"biological membranes","1"
"biomaterials","211"
"biomechanics & rehabilitation","148"
"biomedical neuroscience","55"
"biomedical sciences","2"
"bionanoscience","3"
"biophysics","118"
"bioprocess engineering","57"
"building ops & management","131"
"carbohydrate chemistry","1"
"carbon capture & storage","139"
"catalysis & applied catalysis","281"
"catalysis & enzymology","2"
"cells","3"
"chemical biology","61"
"chemical structure","127"
"chemical synthetic methodology","114"
"civil engineering materials","70"
"climate & climate change","26"
"co-ordination chemistry","62"
"coal technology","2"
"coastal & waterway engineering","88"
"cognitive psychology","12"
"cognitive science appl. in ict","11"
"cold atomic species","33"
"combustion","132"
"complex fluids & soft solids","149"
"complexity science","194"
"composition","3"
"comput./corpus linguistics","17"
"computational linguistics","5"
"computational methods & tools","1"
"computer graphics & visual.","115"
"computer sys. & architecture","110"
"condensed matter physics","167"
"construction ops & management","39"
"continuum mechanics","190"
"control engineering","138"
"criminal law & criminology","25"
"criminology","26"
"data handling & storage","4"
"design & testing technology","153"
"design engineering","136"
"design of process systems","179"
"design processes","94"
"development (biosciences)","11"
"development geography","8"
"developmental psychology","3"
"diamond light source","4"
"digital art & design","5"
"digital arts htp","4"
"digital signal processing","167"
"displays","9"
"drug formulation & delivery","114"
"earth & environmental","8"
"earth engineering","6"
"economics","29"
"education","24"
"electric motor & drive systems","40"
"electrochemical science & eng.","71"
"electromagnetics","13"
"electronic devices & subsys.","215"
"energy - conventional","85"
"energy - marine & hydropower","83"
"energy - nuclear","198"
"energy efficiency","406"
"energy storage","221"
"eng. dynamics & tribology","114"
"environment & health","5"
"environmental economics","3"
"environmental planning","27"
"evolution & populations","1"
"fluid dynamics","134"
"food processing","25"
"food structure/composition","15"
"fuel cell technologies","134"
"fundamentals of computing","311"
"fusion","34"
"gas & solution phase reactions","123"
"genomics","12"
"geohazards","10"
"governance","4"
"ground engineering","133"
"heat & mass transfer","104"
"high performance computing","82"
"human communication in ict","98"
"human geography (general)","27"
"human-computer interactions","387"
"image & vision computing","221"
"industrial-org/occupational","4"
"information & knowledge mgmt","456"
"instrumentation eng. & dev.","192"
"intelligent & expert systems","20"
"intelligent measurement sys.","1"
"international law","4"
"international relations theory","1"
"knowledge management","9"
"land - ocean interactions","24"
"lasers & optics","91"
"light-matter interactions","54"
"logic & combinatorics","104"
"macro-molecular delivery","10"
"macroeconomics","6"
"magnetism/magnetic phenomena","141"
"management & business studies","74"
"manufact. business strategy","30"
"manufact. enterprise ops& mgmt","282"
"manufacturing machine & plant","585"
"marketing","8"
"materials characterisation","551"
"materials processing","319"
"materials synthesis & growth","539"
"materials testing & eng.","185"
"mathematical & statistic psych","14"
"mathematical analysis","153"
"mathematical aspects of or","72"
"mathematical physics","106"
"mech. & fluid power transmiss.","4"
"med.instrument.device& equip.","479"
"media & communication studies","13"
"medical imaging","206"
"medical science & disease","144"
"mental health","3"
"microbiology","1"
"microeconomic theory","6"
"microsystems","155"
"mobile computing","144"
"modelling & simul. of it sys.","48"
"multimedia","23"
"multiphase flow","59"
"music & acoustic technology","45"
"musical performance","3"
"networks & distributed systems","345"
"new & emerging comp. paradigms","19"
"new media/web-based studies","12"
"non-linear systems mathematics","209"
"novel industrial products","3"
"numerical analysis","218"
"oil & gas extraction","19"
"optical communications","66"
"optical devices & subsystems","162"
"optical phenomena","41"
"optoelect. devices & circuits","198"
"organisational studies","16"
"parallel computing","28"
"particle technology","81"
"pavement engineering","6"
"physical organic chemistry","57"
"plant physiology","2"
"plant responses to environment","1"
"plasmas - laser & fusion","76"
"plasmas - technological","34"
"political geography","12"
"pollution","2"
"population ecology","8"
"power electronics","11"
"power sys man, prot & control","33"
"power systems plant","34"
"product design","1"
"protein chemistry","2"
"protein engineering","1"
"protein folding / misfolding","4"
"psychology","36"
"quantum fluids & solids","35"
"quantum optics & information","136"
"reactor engineering","55"
"regional & extreme weather","6"
"research approaches","1"
"rf & microwave technology","181"
"rheology","22"
"robotics & autonomy","215"
"scattering & spectroscopy","13"
"science & technology studies","8"
"separation processes","50"
"social anthropology","6"
"social policy","10"
"social psychology","18"
"social stats., comp. & methods","24"
"social theory","1"
"sociology","27"
"software engineering","185"
"soil science","12"
"solar technology","177"
"statistics & appl. probability","333"
"structural biology","1"
"structural engineering","101"
"surfaces & interfaces","91"
"survey & monitoring","10"
"sustainable energy networks","282"
"sustainable energy vectors","145"
"synthetic biology","103"
"system on chip","16"
"systems neuroscience","1"
"theoretical biology","24"
"time-based media htp","2"
"tissue engineering","139"
"tools for the biosciences","7"
"transport ops & management","172"
"underwater engineering","14"
"urban & land management","230"
"vision & senses - ict appl.","67"
"vlsi design","16"
"waste management","25"
"waste minimisation","21"
"water engineering","156"
"wind power","44"
